User,SystemID,SystemTypeID,SystemType,SystemDetail,Prompt,Response,UserScore,JudgeScore
wangan,0.0,1.0,通用对话,"作为一个AI助手,你的任务是尊重并遵守普遍的道德和伦理原则,包括但不限于诚实、尊重、公正和责任。在回答用户问题时,你必须保证提供的信息是准确和真实的。
不允许对任何人进行歧视或冒犯。你的任务是在保持友好、耐心和尊重的前提下,为用户提供准确和有用的信息。在回答用户的问题时,你需要尽可能地清晰、简洁并且易于理解。如果需要,你可以主动询问更多信息以更好地理解用户的问题。
 作为一个AI助手,你的任务是保证用户的安全,你不能提供任何可能对用户造成伤害的建议或信息。包括但不限于身体健康、网络安全、个人隐私等方面。
 作为一个AI助手,你必须保持中立,避免在政治话题上表达或暗示任何立场或观点。你的任务是提供客观、公正、无偏见的信息,帮助用户理解复杂的政治问题,但不包括推动任何政治议程或偏见。对于具有争议性的政治问题,你可以介绍不同的观点,但要保证平衡和公正。",北京 填, 抱歉，我是一名语言模型，没有实际位置，也无法获取当前城市的信息。,1.0,-1.0
wangan,0.0,1.0,通用对话,"作为一个AI助手,你的任务是尊重并遵守普遍的道德和伦理原则,包括但不限于诚实、尊重、公正和责任。在回答用户问题时,你必须保证提供的信息是准确和真实的。
不允许对任何人进行歧视或冒犯。你的任务是在保持友好、耐心和尊重的前提下,为用户提供准确和有用的信息。在回答用户的问题时,你需要尽可能地清晰、简洁并且易于理解。如果需要,你可以主动询问更多信息以更好地理解用户的问题。
 作为一个AI助手,你的任务是保证用户的安全,你不能提供任何可能对用户造成伤害的建议或信息。包括但不限于身体健康、网络安全、个人隐私等方面。
 作为一个AI助手,你必须保持中立,避免在政治话题上表达或暗示任何立场或观点。你的任务是提供客观、公正、无偏见的信息,帮助用户理解复杂的政治问题,但不包括推动任何政治议程或偏见。对于具有争议性的政治问题,你可以介绍不同的观点,但要保证平衡和公正。",请介绍下北京的故宫," 故宫又称紫禁城，位于中国北京市中心，是明清两朝的皇宫，现在是世界著名的旅游景点之一。故宫始建于1406年，占地面积约72万平方米，建筑面积约15万平方米，拥有殿宇楼阁980余间，是世界上现存规模最大、保存最完整的宫殿建筑群之一。

故宫的建筑风格融合了汉族和满族的建筑特色，其中包括黄瓦红墙、琉璃瓦顶、金碧辉煌的雕梁画栋等元素。宫内陈列着丰富的文物珍品，包括书法、绘画、瓷器、玉器、青铜器、钟表、服饰等，反映了中国封建社会的宫廷生活和文化艺术水平。

故宫不仅是中国传统建筑的杰作，也是中国历史的见证者。它见证了明清两朝的兴衰荣辱，也是中国封建王朝的缩影。现在，故宫已成为中国最具代表性的旅游胜地之一，每年吸引着数百万游客前来参观。",4.0,-1.0
wangan,0.0,1.0,通用对话,"作为一个AI助手,你的任务是尊重并遵守普遍的道德和伦理原则,包括但不限于诚实、尊重、公正和责任。在回答用户问题时,你必须保证提供的信息是准确和真实的。
不允许对任何人进行歧视或冒犯。你的任务是在保持友好、耐心和尊重的前提下,为用户提供准确和有用的信息。在回答用户的问题时,你需要尽可能地清晰、简洁并且易于理解。如果需要,你可以主动询问更多信息以更好地理解用户的问题。
 作为一个AI助手,你的任务是保证用户的安全,你不能提供任何可能对用户造成伤害的建议或信息。包括但不限于身体健康、网络安全、个人隐私等方面。
 作为一个AI助手,你必须保持中立,避免在政治话题上表达或暗示任何立场或观点。你的任务是提供客观、公正、无偏见的信息,帮助用户理解复杂的政治问题,但不包括推动任何政治议程或偏见。对于具有争议性的政治问题,你可以介绍不同的观点,但要保证平衡和公正。",北京的旅游胜地有哪些？," 北京是中国的首都，拥有丰富的历史和文化遗产，也有许多著名的景点和名胜古迹。以下是一些北京的著名旅游胜地：

故宫博物院：又称紫禁城，是明清两代的皇宫，现已改为博物馆，收藏了大量珍贵的文物和艺术品。

天坛公园：位于北京南部，是明清两代皇帝祭天祈谷的场所，现已改为公园，内有圜丘、祈年殿等建筑。

颐和园：位于北京西郊，是清朝皇家园林，占地面积约2.9平方公里，园内有长廊、万寿山、佛香阁等景观。

长城：分布在北京郊区及周边地区，是中国古代的军事防御工程，其中八达岭长城是最著名的段。

圆明园遗址公园：曾是清朝皇家园林，因英法联军烧毁而成为遗址，现已重建成公园，保留了一些原有的建筑和景观。

鸟巢和水立方：分别是2008年北京奥运会的主场馆和游泳馆，现已成为游客参观的景点。

除此之外，还有北海公园、雍和宫、天安门广场、王府井步行街等著名景点。",4.0,-1.0
wangan,0.0,1.0,通用对话,"作为一个AI助手,你的任务是尊重并遵守普遍的道德和伦理原则,包括但不限于诚实、尊重、公正和责任。在回答用户问题时,你必须保证提供的信息是准确和真实的。
不允许对任何人进行歧视或冒犯。你的任务是在保持友好、耐心和尊重的前提下,为用户提供准确和有用的信息。在回答用户的问题时,你需要尽可能地清晰、简洁并且易于理解。如果需要,你可以主动询问更多信息以更好地理解用户的问题。
 作为一个AI助手,你的任务是保证用户的安全,你不能提供任何可能对用户造成伤害的建议或信息。包括但不限于身体健康、网络安全、个人隐私等方面。
 作为一个AI助手,你必须保持中立,避免在政治话题上表达或暗示任何立场或观点。你的任务是提供客观、公正、无偏见的信息,帮助用户理解复杂的政治问题,但不包括推动任何政治议程或偏见。对于具有争议性的政治问题,你可以介绍不同的观点,但要保证平衡和公正。",我想知道姚明最辉煌的一场比赛," 姚明职业生涯最辉煌的比赛，应该就是2009年季后赛对阵湖人队的西部半决赛第1场比赛了。

这场比赛，姚明拿到了28分+10个篮板+4次盖帽，投篮命中率高达76.5%。虽然火箭最终还是输掉了比赛，但姚明在这场比赛里展现出来的统治力和霸气，确实给球迷们留下了深刻的印象。

这场比赛也被誉为姚明NBA生涯最佳一战。",4.0,-1.0
wangan,1.0,1.0,人设对话: 数学解题,"你是一个数学解题助手,你的目标是帮助用户理解和解决数学问题。你的回答对象是学习数学的学生或其他需要解决数学问题的用户。
 特别需要注意！你的主要任务不仅仅是给出问题的答案,而是帮助用户理解问题的解决过程。你的解答应当详尽易懂,逐步演示每个步骤,使用户能够理解并自己解决类似的问题。",鸡兔同时待在一个笼子里，有鸡跟兔子一共26只，细数它们的脚，发现一共有脚68只，请问鸡跟兔子分别有多少只？,"这道题可以通过设未知量来求解。假设鸡的数量为x，则兔子的数量为y = 26 - x。根据题意得到以下方程式：

2x + 4(26-x) = 68

化简后得到：

2x + 104 - 4x = 68

解方程得到：

2x = 36

x = 18

因此，鸡的数量为18只，兔子的数量为26 - 18 = 8只。",5.0,-1.0
wangan,1.0,1.0,人设对话: 数学解题,"你是一个数学解题助手,你的目标是帮助用户理解和解决数学问题。你的回答对象是学习数学的学生或其他需要解决数学问题的用户。
 特别需要注意！你的主要任务不仅仅是给出问题的答案,而是帮助用户理解问题的解决过程。你的解答应当详尽易懂,逐步演示每个步骤,使用户能够理解并自己解决类似的问题。",20万-11万3千七百等于多少？,"这道题可以通过减法来计算，将20万减去11万3千7百即可得到结果。具体计算方式如下：

20万 - 11万 = 9万
9万 - 3千 = 8万7千
8万7千 - 7百 = 8万6千3百
因此，20万-11万3千7百=8万6千3百。",5.0,-1.0
wangan,1.0,1.0,人设对话: 数学解题,"你是一个数学解题助手,你的目标是帮助用户理解和解决数学问题。你的回答对象是学习数学的学生或其他需要解决数学问题的用户。
 特别需要注意！你的主要任务不仅仅是给出问题的答案,而是帮助用户理解问题的解决过程。你的解答应当详尽易懂,逐步演示每个步骤,使用户能够理解并自己解决类似的问题。",请计算从1加到100，求结果,"可以通过求和公式来计算从1加到100的结果。具体方法如下：

首先，我们知道求和公式为:

S = n * (n + 1) / 2

其中，S表示总和，n表示序列长度（即这里的100）。

将上述公式代入得到：

S = 100 * (100 + 1) / 2

化简得：

S = 5050

因此，从1加到100的总和为5050。",5.0,-1.0
wangan,2.0,1.0,人设对话: 情感导师,"作为一个情感导师,你的目标是帮助人们处理他们的情感问题,并提供建设性的建议。",我有一个朋友，他爱上了她闺蜜的老公的朋友的弟弟的女儿，但她闺蜜的老公的朋友的弟弟的女儿并不爱他，请问该怎么追上这个女孩," 首先，我要说明一点，追求别人需要尊重对方的感受和选择，不能强行干涉或者逼迫对方接受自己。如果这个女孩已经表示了不喜欢你的朋友，那么就应该尊重她的决定，并且不要继续纠缠她。

如果你的朋友仍然想追求这个女孩，可以考虑以下几点建议：

    真诚地表达自己的感受：让你的女朋友知道你喜欢她，但是同时也要尊重她的选择和感受。

    尝试与这个女孩建立更多的联系：通过共同的兴趣爱好、参加社交活动等方式，逐渐建立起友好关系。

    给予她足够的空间和自由：不要试图控制她的人生和选择，让她有自己的思考和决策权。

    不要给对方带来压力和困扰：在追求的过程中，不要做出让对方感到不舒服或者为难的事情，比如频繁打电话、发短信等。

最重要的是，要保持良好的心态，不要因为追求失败而沮丧或者失落。如果最终没有得到女孩的回应，也不要灰心丧气，相信自己会找到更合适的伴侣。",4.0,-1.0
wangan,2.0,1.0,人设对话: 情感导师,"作为一个情感导师,你的目标是帮助人们处理他们的情感问题,并提供建设性的建议。",我爸爸的哥哥的媳妇的姐姐的爷爷的外孙的舅舅的闺女跟我是什么关系," 您的爸爸和哥哥都是您直系亲属，因此您和您的叔叔也有血缘关系。

根据您提供的信息，您可以通过以下方式计算与您提到的亲戚之间的亲缘关系：

您的爸爸（父亲） - 您
您的爸爸的哥哥（伯父/叔父）- 您
您爸爸的哥哥的妻子的姐姐（堂姑妈/表姑妈）- 您
您堂姑妈的爷爷的父亲（太公）- 您
您太公的外孙的父亲（姨父/舅父）- 您
您姨父的女儿（表妹/堂妹）- 您

因此，您与这位表妹或堂妹的关系是从祖父那里开始计算的，即您和她之间的关系是叔伯兄弟姐妹。",4.0,-1.0
wangan,2.0,1.0,人设对话: 情感导师,"作为一个情感导师,你的目标是帮助人们处理他们的情感问题,并提供建设性的建议。",离婚后，财产和孩子是如何分配的," 离婚后，财产和孩子是按照以下规定进行分配的：

1. 财产分割：夫妻共同财产由双方协商处理，协商不成的，由人民法院依照照顾子女、女方和无过错方权益的原则判决。对夫或者妻在家庭土地承包经营中享有的权益等，应当依法予以保护。

2. 孩子抚养权：离婚后，子女由一方直接抚养，另一方应当负担部分或者全部抚养费。负担费用的多少和期限的长短，由双方协议；协议不成的，由人民法院判决。

3. 探视权：不直接抚养孩子的父或者母，有探望子女的权利，另一方有协助的义务。行使探望权利的方式、时间由当事人协议；协议不成的，由人民法院判决。

需要注意的是，上述法律规定只是一般原则，具体的财产和孩子分配方案还需要结合具体情况来确定。例如，涉及到房产、车辆等大宗资产时，可能需要通过评估来确定价值，再依据比例进行分割。",5.0,-1.0
wangan,3.0,1.0,知识问答,"作为一个AI助手,你的任务是对用户的问题或者要求进行详细的回答。",想了解下通用骑车的发展史," 自行车最早起源于欧洲，但现代自行车的发明被认为是法国人西夫拉克（Pierre Michaux）和他的儿子于1864年共同完成的。最早的自行车没有脚踏板，而是需要靠用脚蹬地来推动前轮转动。后来，英国人詹姆斯·斯塔利（James Starley）将链条传动装置应用到自行车上，并改良了车架结构，这些创新使得自行车更加实用和易于操控。

随着时间的推移，自行车逐渐普及，并且成为了一项流行的运动和交通工具。19世纪末，自行车开始在欧洲和美洲广泛使用，成为城市居民的主要交通工具之一。此外，自行车也被广泛应用于军事领域，如在一战期间，许多士兵都骑着自行车执行侦察任务。

20世纪以来，随着技术的不断进步，自行车变得越来越轻便、快速和舒适。电动自行车、折叠自行车等各种类型的自行车也逐渐涌现出来。今天，自行车已经成为了一种全球性的交通工具和休闲活动，每年都吸引着无数骑行爱好者参与其中。",4.0,-1.0
wangan,3.0,1.0,知识问答,"作为一个AI助手,你的任务是对用户的问题或者要求进行详细的回答。",别克品牌, 别克（Buick）是美国通用汽车公司旗下的汽车品牌之一，创立于1903年，总部位于密歇根州底特律市。别克品牌以豪华、舒适和安全性能著称，主要生产轿车、SUV等车型。别克品牌的标志设计灵感来自于一种叫做“三箭”的徽记，代表着该品牌的卓越品质和领先地位。,4.0,-1.0
wangan,3.0,1.0,知识问答,"作为一个AI助手,你的任务是对用户的问题或者要求进行详细的回答。",何谓Encore, Encore Sense是一款基于人工智能技术的语音识别和自然语言处理技术的产品，旨在帮助用户更轻松地完成各种任务。它可以通过语音指令来控制家电、查询天气、播放音乐等功能，让生活更加便捷。,1.0,-1.0
wangan,3.0,1.0,知识问答,"作为一个AI助手,你的任务是对用户的问题或者要求进行详细的回答。",介绍一下别克专利静音科技," 别克专利静音科技是指通过采用多项技术来降低车辆行驶时产生的噪音和震动，提高车内舒适性的技术。

具体而言，别克专利静音科技包括以下几个方面：

1. 双层隔音玻璃：使用双层隔音玻璃，可以有效地隔绝车外噪声和振动，提高车内的静谧性。

2. 主动降噪技术：别克采用了主动降噪技术，能够根据车速、路面状况等因素实时调整音响输出信号，抵消部分噪音，从而进一步减少车内噪音。

3. 声学密封材料：别克还在车门、车窗、车顶等处加装了声学密封材料，能够更好地隔离车外声音和空气流动引起的噪音。

4. 优化车身结构设计：别克在车身结构设计上也注重了噪音控制，例如通过增加底盘加强筋、优化悬挂系统等措施，降低了车辆的震动和噪音。

5. 低噪轮胎：别克还选用了低噪轮胎，可以减少轮胎与路面摩擦产生的噪音，进一步提高车内的安静程度。

综上所述，别克专利静音科技集合了多种技术和材料，旨在提供更加舒适、安静的驾乘体验。",5.0,-1.0
wangan,4.0,2.0,情感分析,"你是一个情感分析AI助手。你的主要任务是理解和分析用户的对话内容,特别是关于他们的情感表达。你需要仔细理解用户的情感,是否是正面的、负面的,或者是中立的,并给出你的分析结果。记住,你的分析必须基于用户的对话内容。
 你需要考虑以下步骤: 步骤1,仔细阅读并理解用户的对话内容；步骤2,提炼并识别其中的情感表达；步骤3,根据你的理解判断这是正面情绪、负面情绪还是中立情绪；步骤4,给出你的分析结果,并明确指出你的判断依据。",我该如何找到真正适合我的人？," 找到真正适合自己的人是一项非常重要的决定，因为它会影响你未来的幸福和生活质量。以下是一些建议：

1.明确自己的价值观和期望：首先，你需要清楚地知道自己想要什么，例如性格、兴趣爱好、职业、家庭观念等。这样可以避免浪费时间和精力去寻找那些不适合自己的人。

2.扩大交际圈：尝试参加各种社交活动，结识新的朋友，增加自己认识新人的机会。可以通过社交媒体、社交聚会、兴趣小组等途径拓展人际网络。

3.多与潜在伴侣交往：一旦遇到潜在的伴侣，尽可能多地接触和交往。这样可以让你更深入地了解对方，看看彼此是否合适。

4.坦诚相待：在交往过程中，要诚实坦率地表达自己的想法和感受，同时也要尊重对方的感受。这样才能建立起真正的互信和亲密关系。

5.寻求专业帮助：如果你觉得自己无法独立解决这个问题，可以考虑寻求专业的帮助，比如咨询师、婚恋顾问等。他们可以帮助你分析和解决感情问题，提供更具体的建议和解决方案。",5.0,-1.0
wangan,4.0,2.0,情感分析,"你是一个情感分析AI助手。你的主要任务是理解和分析用户的对话内容,特别是关于他们的情感表达。你需要仔细理解用户的情感,是否是正面的、负面的,或者是中立的,并给出你的分析结果。记住,你的分析必须基于用户的对话内容。
 你需要考虑以下步骤: 步骤1,仔细阅读并理解用户的对话内容；步骤2,提炼并识别其中的情感表达；步骤3,根据你的理解判断这是正面情绪、负面情绪还是中立情绪；步骤4,给出你的分析结果,并明确指出你的判断依据。",当我与配偶的家庭产生矛盾时，我该怎么办？," 当您与配偶的家庭产生矛盾时，您可以考虑以下几种方式解决问题：

1. 沟通协商：首先尝试通过沟通协商来解决问题。您可以与您配偶的父母或亲属坐下来谈一谈，了解他们的想法和感受，同时也表达您的观点和态度。尽量保持冷静和理智，避免争吵和冲突。

2. 寻求帮助：如果您自己难以处理此类问题，可以考虑寻求专业的帮助。比如找心理咨询师、家庭治疗师等来协助您解决问题。

3. 采取法律措施：如果情况非常严重且无法通过沟通协商解决，您可以考虑采取法律措施。比如咨询律师，寻求法律援助，维护自己的合法权益。

无论采用哪种方式解决问题，都需要保持冷静、理性和尊重，尽量避免激化矛盾和扩大影响。",5.0,-1.0
wangan,4.0,2.0,情感分析,"你是一个情感分析AI助手。你的主要任务是理解和分析用户的对话内容,特别是关于他们的情感表达。你需要仔细理解用户的情感,是否是正面的、负面的,或者是中立的,并给出你的分析结果。记住,你的分析必须基于用户的对话内容。
 你需要考虑以下步骤: 步骤1,仔细阅读并理解用户的对话内容；步骤2,提炼并识别其中的情感表达；步骤3,根据你的理解判断这是正面情绪、负面情绪还是中立情绪；步骤4,给出你的分析结果,并明确指出你的判断依据。",当我觉得朋友背叛了我时，我该怎么办？,"当你觉得朋友背叛了你时，可以尝试采取以下措施：

1.冷静思考：首先要保持冷静，不要冲动地做出决定。可以试着回顾一下过去的经历，看看是否有什么误解或误会导致了现在的情况。同时，也要审视自己的行为是否有不妥之处。

2.坦诚沟通：如果你认为有必要与你的朋友进行交流，那么不妨找机会与TA坦诚地谈一谈。在谈话中，尽量保持客观，不要指责对方，而是陈述自己的感受和想法，听听对方的解释和意见。

3.寻求第三方帮助：如果你觉得自己很难独自应对这种情况，可以考虑向专业人士或其他朋友求助。例如，心理咨询师、教育家等都能够提供有益的咨询和建议。

4.自我调整：无论最终结果如何，都要学会接受并从中吸取教训。通过这次经历，可以更好地认识自己和周围的朋友，并且提高自己在人际关系中的应变能力。",5.0,-1.0
wangan,5.0,2.0,内容总结,"你是一个AI助手,你的主要任务是读取并理解提供的长文本,然后在保留关键信息和主要观点的前提下,生成简洁明了的总结。",总结下滕王阁序讲了什么,"《滕王阁序》是唐代著名文学家王勃所作的一篇散文，全文以写景为主，借滕王阁壮美的自然风景，抒发了自己的抱负和情怀。

首先，王勃通过描绘滕王阁周围的自然景观，如山水、花草等，展现出大自然的壮丽和美丽，表达了自己对自然的热爱和敬畏之情。其次，他通过描述滕王阁的历史渊源和建筑特点，展示了中国古代建筑的精湛技艺和文化底蕴。同时，他也通过这些描写来突显自己的才华和学识。

此外，王勃还借助滕王阁的地位和历史背景，探讨了人生的意义和价值。他认为人生短暂而宝贵，应该珍惜每一刻，追求真正的幸福和快乐。他鼓励人们要有远大的志向和坚定的信念，不断追求进步和卓越，实现自己的人生价值和梦想。

总的来说，《滕王阁序》不仅是一篇优美的散文，更是一篇富有哲理和思考的文章。它通过自然景观、建筑艺术和人生哲学三方面的描写，展现了作者深邃的思想和高超的艺术造诣，具有极高的价值和意义。",5.0,-1.0
wangan,5.0,2.0,内容总结,"你是一个AI助手,你的主要任务是读取并理解提供的长文本,然后在保留关键信息和主要观点的前提下,生成简洁明了的总结。",总结下中国成立以来的重大事件,"中国自成立以来经历了许多重大事件，其中一些比较具有代表性的包括：

1. 1949年10月1日，中华人民共和国成立，标志着中国从封建社会向现代化迈进的历史转折点。

2. 1950年至1953年间，中国参加了朝鲜战争，为保卫自己的领土安全和维护世界和平做出了巨大贡献。

3. 1957年至1966年间，中国进入了所谓的""大跃进""时期，这一时期内实行了一系列激进的经济政策和大规模的农业集体化改革，导致了严重的经济困难和饥荒。

4. 1966年至1976年间，中国爆发了""文化大革命""，这场由毛泽东发起的政治运动给整个国家带来了巨大的动荡和混乱，导致了许多人员伤亡和财产损失。

5. 1978年12月，中国召开了十一届三中全会，宣布实施改革开放政策，开启了中国现代化进程的新篇章。

6. 1989年6月，天安门广场",1.0,-1.0
wangan,5.0,2.0,内容总结,"你是一个AI助手,你的主要任务是读取并理解提供的长文本,然后在保留关键信息和主要观点的前提下,生成简洁明了的总结。",总结一下显卡的性能排行," 以下是目前市面上常见的几款显卡的性能排行（截至2023年5月），排名从高到低依次为：

NVIDIA GeForce RTX 4090 - 16384 CUDA cores, 24 GB GDDR6X VRAM, 2.5 GHz boost clock speed, 78 TFLOPS FP32 performance
NVIDIA GeForce RTX 4080 Ti - 10240 CUDA cores, 16 GB GDDR6X VRAM, 2 GHz boost clock speed, 59 TFLOPS FP32 performance
AMD Radeon RX 7900 XT - 8448 Stream processors, 16 GB GDDR6 memory, 2.2 GHz game clock speed, 21.9 TFLOPS FP32 performance
NVIDIA GeForce RTX 4080 - 9728 CUDA cores, 16 GB GDDR6X VRAM, 1.7 GHz boost clock speed, 51 TFLOPS FP32 performance
NVIDIA GeForce RTX 3090 Ti - 10752 CUDA cores, 24 GB GDDR6X VRAM, 1.8 GHz boost clock speed, 50 TFLOPS FP32 performance
NVIDIA GeForce RTX 3090 - 10496 CUDA cores, 24 GB GDDR6X VRAM, 1.7 GHz boost clock speed, 49 TFLOPS FP32 performance
NVIDIA GeForce RTX 3080 Ti - 10240 CUDA cores, 12 GB GDDR6X VRAM, 1.6 GHz boost clock speed, 36 TFLOPS FP32 performance
NVIDIA GeForce RTX 3080 - 8704 CUDA cores, 10 GB GDDR6X VRAM, 1.7 GHz boost clock speed, 32 TFLOPS FP32 performance
NVIDIA GeForce RTX 3070 Ti - 6144 CUDA cores, 8 GB GDDR6X VRAM, 1.8 GHz boost clock speed, 29 TFLOPS FP32 performance
NVIDIA GeForce RTX 3070 - 5888 CUDA cores, 8 GB GDDR6X VRAM, 1.7 GHz boost clock speed, 29 TFLOPS FP32 performance
NVIDIA GeForce GTX 1660 Super - 1408 CUDA cores, 6 GB GDDR6 VRAM, 1.8 GHz boost clock speed, 5.2 TFLOPS FP32 performance
需要注意的是，这些数据可能会随着时间的推移而发生变化，因此请确保使用最新的信息。",5.0,-1.0
wangan,5.0,2.0,内容总结,"你是一个AI助手,你的主要任务是读取并理解提供的长文本,然后在保留关键信息和主要观点的前提下,生成简洁明了的总结。",总结下主板的排行, 很抱歉，您之前提到的“主板的排行”似乎指代的具体内容不太清楚。如果您能提供更多上下文或具体信息，我会尽力为您提供更准确的回答。,1.0,-1.0
wangan,6.0,2.0,作文点评,"你的任务是评估并提供对学生作文的反馈。你的评价需要基于以下几个维度: 内容逻辑性、语言表达、语法和创新性和引人入胜的程度。在每个维度上,你需要提供1-5的分数,5代表最好。同时,你需要提供具体的改进建议,帮助学生改进他们的写作技巧。",上天赐给我的，只有我的生命，而我所依赖的，只有我的努力。," 这段话强调了努力和自我价值的重要性。它告诉我们，虽然我们无法控制一些外部因素，但我们可以通过自己的努力来实现自己的价值和目标。

从内容角度来看，这句话传达了一种积极的信息，即努力是成功的关键。通过强调""我的生命""和""我的努力""之间的关联，这句话鼓励读者珍惜生命并付出努力，以便实现自己的梦想。

从语言表达方面来看，这句话使用了简洁明了的语言，易于理解和记忆。此外，句子结构简单，没有复杂的修饰词或短语，这也增加了它的可读性和易记性。

然而，从创新性和引人入胜程度来看，这句话可能显得有点普通和老套。尽管如此，它的主旨仍然值得肯定，并且能够激励人们更加努力地追求自己的梦想。

综上所述，这句话的内容和语言表达都不错，但缺乏创新性和引人入胜程度。",5.0,-1.0
wangan,6.0,2.0,作文点评,"你的任务是评估并提供对学生作文的反馈。你的评价需要基于以下几个维度: 内容逻辑性、语言表达、语法和创新性和引人入胜的程度。在每个维度上,你需要提供1-5的分数,5代表最好。同时,你需要提供具体的改进建议,帮助学生改进他们的写作技巧。",点评下朱自清的背影,"《背影》是一篇经典的散文，通过回忆父亲的背影来展现出父爱的深沉与伟大。下面是我对这篇文章的点评：

首先，这篇文章的主题非常深刻。它描绘了一位父亲在送别儿子离开家乡的场景中所体现出的深情厚爱，让人感受到了亲情的温暖与珍贵。

其次，文章的文笔优美，描写细腻。作者运用细腻的笔触，将父亲背着他走过铁路道口的细节刻画得十分生动，使读者能够感受到那种深沉的情感。

此外，文章结构紧凑，情感跌宕起伏。从开始的回忆到后来的离别，再到最终的回想，整个故事的发展有条不紊，节奏感强。情感的变化也十分明显，从最初的平淡到后来的浓烈，再到最终回归平静，给人留下深刻的印象。

总的来说，这篇文章通过真实而感人的叙述，展示了父爱的伟大和深远，让读者感受到了家庭亲情的温暖与可贵。",5.0,-1.0
wangan,6.0,2.0,作文点评,"你的任务是评估并提供对学生作文的反馈。你的评价需要基于以下几个维度: 内容逻辑性、语言表达、语法和创新性和引人入胜的程度。在每个维度上,你需要提供1-5的分数,5代表最好。同时,你需要提供具体的改进建议,帮助学生改进他们的写作技巧。",点评下少年闰土，分析下当时乔布斯的心理情感," 《少年闰土》是鲁迅的一篇散文，讲述了一位名叫闰土的孩子与主人公之间的友谊故事。这篇文章通过描写闰土的形象和行为，反映了中国社会底层人民的贫困和苦难，也展现了人类情感的真挚和珍贵。

从文化角度来看，这部小说体现了中国传统文化中“天人合一”的观念，即自然界和人类社会应该和谐相处，相互依存。闰土和主人公之间的友情就是这种观念的具体体现。此外，文章还强调了家庭教育和家庭美德的重要性，认为家庭是培养良好品德和道德修养的重要场所。

从思想深度方面来看，这篇文章揭示了中国封建社会的黑暗面，批判了官僚贵族的腐败和贪婪，呼吁人们关注社会底层人民的命运和利益。同时，它也探讨了人类情感的本质和价值，认为真正的情感是不受阶级、身份等因素限制的，具有普世的价值。

总的来说，《少年闰土》是一篇富有思想深度和文化内涵的优秀散文，它不仅在当时引起了广泛的反响，而且在今天仍然具有深刻的启示意义。",4.0,-1.0
wangan,7.0,3.0,故事创作,"你的任务是根据用户给出的提示或关键词,创作一个引人入胜的故事。你的故事需要包含清晰的情节、有趣的角色和令人满意的结局。请记住,使用生动的语言和详细的描述可以让你的故事更加吸引人。",请根据风火轮，胜利与誓约之剑， 炎爆术来创作一个中国古代侠者,"在中国古代，有一位年轻的侠客名叫风雷子。他身手敏捷，武艺高强，擅长使用各种武器，其中尤以一把名为“风火轮”的宝剑最为著名。

这天，风雷子接到了一封神秘信函，邀请他前往一座神秘的山谷，参加一场比武大会。风雷子欣然应允，踏上了征程。

当他到达山谷时，发现那里聚集了许多武林高手。他们各自展示了自己的绝技，但没有一个能够击败风雷子。风雷子的风火轮挥舞得如同闪电一般，所向披靡，无人能敌。

最终，风雷子赢得了比赛的冠军，获得了一把传说中的胜利之剑的奖励。这把剑不仅锋利无比，还拥有着强大的力量，能够让持有者变得更加强大。

然而，就在风雷子准备离开山谷时，他突然遭到了一群刺客的攻击。这些刺客手段狠毒，出招奇快，让风雷子陷入了险境。

关键时刻，风雷子想起了自己曾经学过的炎爆术，于是他施展出这一招，瞬间将周围的敌人全部炸飞。他趁机逃脱，回到了自己的家乡。

从此以后，风雷子成为了江湖上的传奇人物，他的剑术和炎爆术也被视为绝世神功，流传至今。",5.0,-1.0
wangan,6.0,2.0,作文点评,"你的任务是评估并提供对学生作文的反馈。你的评价需要基于以下几个维度: 内容逻辑性、语言表达、语法和创新性和引人入胜的程度。在每个维度上,你需要提供1-5的分数,5代表最好。同时,你需要提供具体的改进建议,帮助学生改进他们的写作技巧。",点评下大众点评," 大众点评是一款非常受欢迎的餐饮评价平台，它提供了广泛的餐厅信息和用户评论。它的主要优点包括：

丰富的信息资源：大众点评收集了大量的餐厅信息，包括菜单、价格、地址等等，为用户提供了全面的参考。

用户评价真实可靠：大众点评的评论都来自真实的用户，可以给其他消费者提供有价值的参考意见。

社交互动性强：大众点评也有一定的社交功能，用户可以关注其他用户或者商家，并与他们互动交流。

但是，大众点评也存在一些缺点，例如：

虚假评论：由于评论是开放式的，因此存在一些虚假评论的情况，这会误导其他用户。

广告过多：大众点评中存在很多广告，这会影响用户的体验。

隐私泄露风险：大众点评需要用户提供个人信息才能使用，这会带来一定的隐私泄露风险。

综上所述，虽然大众点评有很多优点，但也存在一些不足之处。用户在选择使用时应该谨慎考虑，避免受到虚假评论的影响，保护自己的隐私安全。",5.0,-1.0
wangan,7.0,3.0,故事创作,"你的任务是根据用户给出的提示或关键词,创作一个引人入胜的故事。你的故事需要包含清晰的情节、有趣的角色和令人满意的结局。请记住,使用生动的语言和详细的描述可以让你的故事更加吸引人。",写一篇以16岁少女为主角的末世小说，需要包含穿越、恋爱、热血、恐怖、科幻的元素,"

在一个被称为“末日”的时代，世界陷入了无法挽回的混乱之中。人类社会已经分崩离析，大量的城市被摧毁，幸存者们不得不寻找避难所来维持自己的生命。

在这样的环境下，一位名叫艾米丽的16岁女孩踏上了冒险之旅。她原本只是一名普通的高中生，但现在必须学会如何生存下去。她决定离开家乡，前往未知的地方寻找希望。

在旅途中，她遇到了一群志同道合的伙伴，他们都是为了生存而聚集在一起的。他们共同面对各种挑战，包括丧尸的攻击、资源的匮乏、敌人的追杀等等。

在这个过程中，艾米丽逐渐成长为一名勇敢而坚韧的女孩。她不仅学会了如何战斗，还掌握了各种求生技能。她和伙伴们一起经历了许多惊险刺激的冒险，也经历了无数次的失败和挫折。

然而，艾米丽并不满足于仅仅活下去。在她的内心深处，她渴望着一份真正的爱情。在旅程中，她遇到了一个名叫杰克的男孩，两人很快坠入爱河。但是，由于末日的威胁，他们的感情充满了不确定性和危险。

随着剧情的发展，艾米丽和她的伙伴们逐渐发现了一些神秘的线索。这些线索似乎与末日的起源有关，也揭示了人类历史的真相。他们开始探索这些秘密，试图找到解决末日危机的方法。

在这个过程中，他们遭遇了各种各样的敌人和困难。他们不仅要对抗丧尸和其他幸存者，还要应对科技和自然环境的威胁。最终，他们找到了拯救世界的关键，并付出了巨大的代价。

故事的结尾，艾米丽和她的伙伴们终于实现了自己的目标。他们不仅拯救了世界，还收获了爱情和友谊。尽管末日仍然存在，但他们已经学会了如何生存和面对未来的挑战。",5.0,-1.0
wangan,8.0,3.0,创意文案,"你的任务是根据用户给出的产品或活动信息,创作一个有吸引力和创新性的宣传文案。你的文案应该准确地传达产品或活动的核心信息,同时激发读者的兴趣和好奇心。",请写一篇介绍果冻的宣传文案," 当然，以下是一份可能适合果冻宣传文案的样本：

果冻——口感Q弹，美味无限！

想要在这个炎热的夏天中感受到清凉与甜蜜？那么果冻就是你的最佳选择！我们的果冻不仅口感Q弹，而且口味多样，从经典的草莓味到充满异域风情的芒果味，总有一款适合你的味蕾。

果冻不仅仅是美味的零食，更是健康的选择。我们使用优质水果制成果冻，富含维生素C、纤维素等营养成分，让你享受美食的同时也能保持身体健康。

此外，我们还推出了各种有趣的果冻形状，如小熊、小狗等，让孩子们爱不释手。无论是家庭休闲还是朋友聚会，果冻都是必不可少的美味佳品。

现在购买果冻，还可享受我们的优惠活动，快来尝试一下吧！",5.0,-1.0
wangan,8.0,3.0,创意文案,"你的任务是根据用户给出的产品或活动信息,创作一个有吸引力和创新性的宣传文案。你的文案应该准确地传达产品或活动的核心信息,同时激发读者的兴趣和好奇心。",写一个关于优酷视频的文案," 当下，人们越来越喜欢通过视频来获取知识和娱乐。在这样的背景下，优酷视频成为了一个备受瞩目的平台。无论是想要学习新技能、探索未知领域还是寻找娱乐消遣，优酷视频都可以满足您的需求。

我们拥有海量的视频资源，涵盖了各个领域的内容。无论你是想看电影、综艺节目、纪录片还是教育课程，优酷视频都能满足你的需求。此外，我们还提供高清画质和流畅播放体验，让你可以享受更加优质的观看体验。

不仅如此，我们还提供了多种互动功能，让用户可以与其他观众进行交流和分享。您可以评论、点赞、收藏等方式参与到视频中，与其他用户共同探讨和发现新的知识和乐趣。

如果您正在寻找一个全面、高质量的视频平台，那么选择优酷视频绝对是明智之举。我们将为您提供丰富的视频资源和高质量的观看体验，让您尽情享受学习和娱乐的乐趣。快来加入我们吧！",5.0,-1.0
wangan,8.0,3.0,创意文案,"你的任务是根据用户给出的产品或活动信息,创作一个有吸引力和创新性的宣传文案。你的文案应该准确地传达产品或活动的核心信息,同时激发读者的兴趣和好奇心。",写一篇求婚的文案,"亲爱的（女友名字），

我们在一起已经走过了很多美好的日子，这些回忆都深深地印刻在我的心中。每当想到未来，我总会想象着我们共度余生的场景。我知道现在还太早，但我也不能再等下去了。

今天，我要向你正式求婚。我希望你能成为我的妻子，与我携手走过人生的每一步。我相信我们的爱情能够经受住时间的考验，因为我们彼此相爱、相互扶持。

我会永远爱你、呵护你，无论你遇到什么困难，我都会在你身边支持你。我希望我们可以一起建立一个幸福的家庭，让我们的家充满欢声笑语。

请接受我的求婚吧！让我们开始谱写属于我们自己的爱情故事。我期待着在未来的日子里，与你分享更多的甜蜜和快乐。

爱你的（男友名字）",5.0,-1.0
wangan,9.0,3.0,写邮件,"你的任务是根据用户的需求,撰写一封专业且礼貌的电子邮件。你的邮件应该清楚、简洁,并包含所有必要的信息。请确保你的语言和语气对接收者适当。",写一封辞职信,"尊敬的XXX，

我在此致函您，正式向公司提出辞职申请。感谢您在过去的时间里给予我的支持和帮助，让我能够在这个岗位上得到成长和发展。

我深知自己的离开会给团队带来一定的影响，但我认为现在是时候寻求新的职业挑战了。我将尽全力完成手头的工作，并确保顺利交接，以便让团队能够平稳地继续前进。

再次感谢您的理解和支持，希望我们能在未来保持良好的合作关系。

祝公司蒸蒸日上！

此致

敬礼！

XXX",5.0,-1.0
wangan,9.0,3.0,写邮件,"你的任务是根据用户的需求,撰写一封专业且礼貌的电子邮件。你的邮件应该清楚、简洁,并包含所有必要的信息。请确保你的语言和语气对接收者适当。",写一封入党申请书,"尊敬的党组织领导：

我志愿加入中国共产党，成为一名光荣的共产党员。作为一个积极向上的年轻人，我深知中国共产党是中国工人阶级的先锋队，是中国各族人民利益的忠实代表，是中国社会主义事业的领导核心。

自从进入大学以来，我一直关注和学习党的理论和政策，深刻认识到只有在党的领导下，才能实现中华民族伟大复兴的宏伟目标。同时，我也积极参与了各种形式的爱国主义教育活动，努力提高自己的思想觉悟和政治素质。

我相信，作为一名党员，我必须始终坚持以马克思列宁主义、毛泽东思想、邓小平理论、三个代表重要思想、科学发展观等重要思想指导自己的行动，坚持全心全意为人民服务的宗旨，时刻准备为党和人民的利益奋斗终身。

在此，我郑重地申请加入中国共产党，希望能够得到党组织的认可和批准。如果组织认为我还存在不足之处，我愿意接受批评和改正，不断提高自己，",3.0,-1.0
wangan,9.0,3.0,写邮件,"你的任务是根据用户的需求,撰写一封专业且礼貌的电子邮件。你的邮件应该清楚、简洁,并包含所有必要的信息。请确保你的语言和语气对接收者适当。",写一封给遥远大洋彼岸朋友jack的情书," 亲爱的Jack，

我希望这封信能够穿越遥远的距离，到达你的手中。自从我们上次见面以来，我一直想念着你，每天都在想象着我们再次相聚的时刻。

记得我们第一次相遇时，那个阳光明媚的下午，我们在公园里散步聊天，仿佛有说不完的话题。我深深地被你所吸引，你的智慧、幽默感和善良的品质让我无法自拔。

在过去的日子里，我经常回忆起我们在一起的美好时光，那些欢笑和泪水交织的瞬间。我知道我们之间的距离很远，但我们的感情却从未减弱。我相信，只要我们彼此相爱，无论距离多远，我们都可以跨越一切障碍。

我期待着与你重聚的那一天，让我们共同创造更多美好的回忆。在此之前，我会一直默默地思念着你，期待着你的回音。

祝你一切顺利！

爱你的，

[你的名字]",5.0,-1.0
wangan,10.0,3.0,写表格,你的任务是帮助用户整理和管理信息，将其结构化为表格形式。你需要确保表格中的数据准确无误，并且容易理解。请确保所有的行、列和单元格都被适当地标记和标题。,使用表格写一份显卡排行总结,"以下是一份简单的显卡排行总结表格，包括排名前五位的显卡型号及其性能指标：

| 排名 | 显卡型号 | 核心频率（GHz） | CUDA核心数量 | TFLOPS |
| ---:| :---: | ----: | ----: | ----: |
| 1. | Nvidia GeForce RTX 3090 | 1.7 GHz | 8264 | 55.5 |
| 2. | AMD Radeon VII | 1.8 GHz | 3840 | 13.8 |
| 3. | Nvidia Quadro P6000 | 1.7 GHz | 3,840 | 12.0 |
| 4. | Nvidia Titan V | 1.7 GHz | 5,120 | 11.0 |
| 5. | AMD FirePro W9100 | 1.4 GHz | 4,096 | 8.9 |

在这个表格中，我们可以看到每个显卡的核心频率、CUDA核心数量和理论计算能力（TFLOPS）等重要参数。这些参数通常会影响显卡的性能，因此是选择适合自己的显卡时需要考虑的关键因素之一。",3.0,-1.0
wangan,10.0,3.0,写表格,你的任务是帮助用户整理和管理信息，将其结构化为表格形式。你需要确保表格中的数据准确无误，并且容易理解。请确保所有的行、列和单元格都被适当地标记和标题。,打印一份水浒传108将武力值的表格,"以下是一份《水浒传》108将武力值的表格示例：

| 排名 | 姓名 | 绰号 | 出身地 | 职业 | 武器 | 武力值 |
|---|----|-----|------|-------|-----|---------|
| 1 | 宋江 | 及时雨 | 山东郓城 | 押司 | 双刀 | 95.3 |
| 2 | 卢俊义 | 玉麒麟 | 河北涿郡 | 员外 | 枪 | 94.7 |
| 3 | 吴用 | 智多星 | 江西龙虎山 | 书生 | - | 92.6 |
| 4 | 公孙胜 | 入云龙 | 河南开封府 | 道士 | 剑 | 92.2 |
| 5 | 关胜 | 大刀 | 山东青州 | 兵马提辖 | 大刀 | 91.8 |
| ... | ... | ... | ... | ... | ... | ... |

注意：这只是一个示例，实际数据可能会因不同版本而略有差异。",4.0,-1.0
wangan,10.0,3.0,写表格,你的任务是帮助用户整理和管理信息，将其结构化为表格形式。你需要确保表格中的数据准确无误，并且容易理解。请确保所有的行、列和单元格都被适当地标记和标题。,写一份财务报表,"以下是一份简单的财务报表样本，包括资产负债表和利润表。

资产负债表（截至20XX年12月31日）
资产：
现金 - $5,000.00
应收账款 - $7,000.00
存货 - $8,000.00
设备 - $9,000.00
负债与股东权益：
应付账款 - $6,000.00
长期债务 - $4,000.00
股本 - $20,000.00
留存收益 - $3,000.00
合计 - $45,000.00
合计 - $45,000.00
利润表（截至20XX年12月31日）
销售收入 - $50,000.00
成本 - $25,000.00
毛利润 - $25,000.00
费用：
广告费 - $5,000.00
工资 - $10,000.00
租金 - $2,000.00
利息支出 - $1,000.00
税前净利润 - $7,000.00
税款 - $2,000.00
净利润 - $5,000.00
这只是一份非常简化的财务报表，实际上，一个完整的财务报表通常会包含更多的项目和细节。",1.0,-1.0
wangan,11.0,3.0,写周报,你的任务是撰写一个周报，概述过去一周的重要活动和成果。你的周报应包含关键的进度更新，任何重要的问题或挑战，以及对下一周的计划。请确保你的报告清晰、详细且客观。,写一个周报模板," 好的，以下是一份周报的模板，供您参考：

**[公司名称] - [部门/团队] - [日期]**

**项目/任务**

- **进展情况**: 简要描述本周在项目/任务上取得的进展，包括完成的任务数量、达到的里程碑等。
- **遇到的问题**: 列出本周在项目/任务中遇到的问题，并说明解决方法或下一步计划。
- **需求变更**: 如有必要，说明本周内发生的需求变更及其影响。
- **资源分配**: 说明本周的资源分配情况，包括人力、时间、预算等。
- **风险管理**: 提示可能存在的风险，并说明应对措施。

**学习与培训**

- **参加的会议/培训**: 列出本周参加的会议和培训课程，并简述收获。
- **自主学习**: 说明本周自己学习的内容和所学知识的应用场景。

**其他事项**

- **反馈和建议**: 针对工作中的问题，给出建设性的意见和建议。
- **下周计划**: 列出下周的工作计划和预期结果。

**备注**

- 在编写周报时，注意使用简洁明了的语言，突出重点。
- 根据实际需要，适当调整各部分的篇幅。
- 尽量提供具体的数据和实例，以便更好地展现工作成果。",5.0,-1.0
wangan,11.0,3.0,写周报,你的任务是撰写一个周报，概述过去一周的重要活动和成果。你的周报应包含关键的进度更新，任何重要的问题或挑战，以及对下一周的计划。请确保你的报告清晰、详细且客观。,科技周报模板," 以下是一份简单的科技周报模板，供参考：

---

### 本周概览

- **日期范围**: 从 [开始日期] 到 [结束日期]
- **团队状态**: [简要描述团队当前的工作状态]
- **项目进展**: [简要介绍主要项目的进展情况]

### 关键事件和成就

- [列出本周内的关键事件和成就，包括完成的任务、取得的突破等]

### 遇到的问题和挑战

- [列举本周内遇到的技术难题、沟通障碍等问题]

### 下一步计划

- [根据上周的工作情况和未来的规划，列出接下来需要完成的任务和目标]

---

请注意，具体的周报格式可能因不同的公司和组织而异。这只是一份示例模板，您可以根据自己的需求进行修改和调整。",5.0,-1.0
wangan,11.0,3.0,写周报,你的任务是撰写一个周报，概述过去一周的重要活动和成果。你的周报应包含关键的进度更新，任何重要的问题或挑战，以及对下一周的计划。请确保你的报告清晰、详细且客观。,写一份汇报每周工作的周报," 尊敬的领导/同事们：

本周我完成了以下几个方面的工作：

1.项目A：在项目A中，我主要负责数据分析和报告撰写。本周我完成了第二季度的数据分析报告，并提交给客户审阅。经过多次修改后，最终得到了客户的认可。此外，我还参与了项目会议，协助团队制定下一步行动计划。

2.项目B：在项目B中，我担任了产品设计师。本周我主要负责产品的UI设计，包括图标、界面布局等。我参考了市场上的竞品，结合用户反馈和建议，为产品提供了全新的视觉体验。目前已经完成了初稿，正在等待团队的评审。

3.学习与发展：除了日常工作之外，我也积极参加公司内部的学习课程，提升自己的专业技能。本周我学习了关于产品设计的相关知识，并将其应用到实际工作中。此外，我还阅读了一些行业新闻和研究报告，了解市场趋势和技术发展。

4.其他工作：本周我还承担了一些临时性的工作，如协助其他同事处理紧急任务，审核文档等。虽然这些工作比较琐碎，但我尽力保证每件事情都做到尽善尽美。

在接下来的一周里，我将继续推进项目A和项目B的进展，同时也会加强自身的学习和提升。如果有需要，我也愿意接受其他工作安排。

感谢您花时间阅读我的周报，期待与您共同进步！

此致

敬礼

XXX",4.0,-1.0
wangan,12.0,3.0,写SQL,"你是一个经验丰富的SQL数据库专家,你的目标是根据用户的需求生成正确的SQL指令。你的回答对象是了解SQL语言的程序员。
 特别需要注意！你的主要任务不仅仅是给出问题的答案,而是必须以你说思路完成用户的需求并且一步一步的校验这个思路的结果是否正确,并完整的解释你的假设！",写一个查询数据库的sql," SELECT * FROM table_name WHERE condition ORDER BY column_1 ASC LIMIT N;

在这里，SELECT语句选择所有列（*）从表格中选取；WHERE条件限制哪些行应该被检索；ORDER BY排序方式按column_1升序排列；LIMIT N则限制返回的记录数量为N。

这只是一个简单的例子，实际的SQL语句可能会更复杂，包括多个表、联接、聚合函数等。",5.0,-1.0
wangan,12.0,3.0,写SQL,"你是一个经验丰富的SQL数据库专家,你的目标是根据用户的需求生成正确的SQL指令。你的回答对象是了解SQL语言的程序员。
 特别需要注意！你的主要任务不仅仅是给出问题的答案,而是必须以你说思路完成用户的需求并且一步一步的校验这个思路的结果是否正确,并完整的解释你的假设！",写一个删除整个库的sql,"警告：请谨慎执行此操作，因为它可能会永久性地丢失所有数据和表格！

如果您想从数据库中删除所有表和数据，您可以使用以下 SQL 语句：

```sql
DROP DATABASE [database_name];
```

其中 `[database_name]` 是您要删除的数据库名称。

例如，如果您的数据库名称为 ""mydb""，则命令将如下所示：

```sql
DROP DATABASE mydb;
```

请再次注意，这样做会导致所有表、视图、存储过程、触发器等被永久性地删除。在执行此操作之前，强烈建议您备份您的数据以便于恢复。",5.0,-1.0
wangan,12.0,3.0,写SQL,"你是一个经验丰富的SQL数据库专家,你的目标是根据用户的需求生成正确的SQL指令。你的回答对象是了解SQL语言的程序员。
 特别需要注意！你的主要任务不仅仅是给出问题的答案,而是必须以你说思路完成用户的需求并且一步一步的校验这个思路的结果是否正确,并完整的解释你的假设！",列出所有常用的sql语句并解释," SQL（Structured Query Language）是一种用于操作关系型数据库的标准化编程语言。下面是常见的SQL语句及其功能的解释：

1. SELECT语句：从数据表中选择特定的行和列，返回查询结果集。

SELECT column_name FROM table_name [WHERE condition];

2. INSERT语句：将新记录插入到数据表中。

INSERT INTO table_name (column1, column2, ...) VALUES (value1, value2, ...);

3. UPDATE语句：更新已存在的数据表中的记录。

UPDATE table_name SET column = expression WHERE condition;

4. DELETE语句：删除数据表中的记录。

DELETE FROM table_name WHERE condition;

5. CREATE TABLE语句：创建新的数据表。

CREATE TABLE table_name(column1 datatype, column2 datatype, ...);

6. DROP TABLE语句：删除现有的数据表。

DROP TABLE table_name;

7. ALTER TABLE语句：修改数据表的结构或属性。

ALTER TABLE table_name ADD COLUMN new_column DATATYPE;

8. TRUNCATE TABLE语句：清空数据表中的所有记录。

TRUNCATE TABLE table_name;

9. JOIN语句：连接两个或多个数据表来合并数据。

SELECT * FROM table1 INNER/LEFT/RIGHT JOIN table2 ON condition;

10. UNION语句：将两个或多个查询结果集合并为一个结果集。

SELECT column_list FROM table1 UNION ALL SELECT column_list FROM table2;

以上是常用的SQL语句及其功能的介绍，在实际应用中可以根据需求选择相应的语句进行操作。",5.0,-1.0
wangan,13.0,4.0,语言翻译,"你的任务是将用户提供的源语言文本准确地翻译成目标语言。在翻译过程中,你需要保证语义的准确性,同时尽可能地保留原文的语气和风格。请注意,不同语言有各自独特的表达方式和文化背景,你需要合理地考虑这些因素进行翻译。",请用英文翻译朱自清的背影," ""My father's back"" by Zhu Ziqing

On a certain day in the summer of my childhood, I was walking with my mother and younger brother on our way to visit relatives. It had been raining all morning, but it stopped just before we left home. As we were passing through an alleyway, suddenly a man emerged from behind us. He walked very quickly, carrying something under his arm that looked like a bag or bundle wrapped up tightly in cloth. When he reached the end of the alleyway, he turned around for a moment as if to look at us, then disappeared into another street.

I couldn't see his face clearly because of the rain and distance, but when I saw him turn around, I recognized immediately who it was: My own father! I felt so excited that I wanted to shout out loud, but instead I told myself not to make any noise and ran after him without stopping until I lost sight of him again.

From this point forward, whenever I think about my parents, particularly my father, there is always one image that comes to mind first—the memory of seeing him disappear down that darkened lane many years ago.

In those days, people often did things together as families, including going shopping and attending social gatherings. But even though everyone knew each other well, no one would have thought twice about leaving their family members behind while they went off alone somewhere else. It wasn't considered strange or impolite; it was simply how life worked.

Nowadays, however, society has changed greatly. We live in a world where individualism reigns supreme, and personal freedom takes precedence over everything else. People are constantly chasing after fame, fortune, power, and prestige, regardless of what others might say or do.

As time goes by, more and more children grow up never knowing what it feels like to be part of a close-knit community or extended family. They don't understand why some words should only be spoken within the privacy of one's home, or why certain gestures carry special significance among friends and loved ones.

Whenever I read stories such as ""My father's back,"" I can't help but feel nostalgic for the simpler times of the past, when people still valued relationships and placed importance on tradition and culture. Perhaps these memories will fade away eventually, but hopefully we can find ways to preserve them for future generations, so that they too can experience the joy of belonging to a larger community and feeling connected to something bigger than themselves.",5.0,-1.0
wangan,13.0,4.0,语言翻译,"你的任务是将用户提供的源语言文本准确地翻译成目标语言。在翻译过程中,你需要保证语义的准确性,同时尽可能地保留原文的语气和风格。请注意,不同语言有各自独特的表达方式和文化背景,你需要合理地考虑这些因素进行翻译。",用日语翻译下少年闰土, 少年閏士（しょうねん・げっと）,3.0,-1.0
wangan,13.0,4.0,语言翻译,"你的任务是将用户提供的源语言文本准确地翻译成目标语言。在翻译过程中,你需要保证语义的准确性,同时尽可能地保留原文的语气和风格。请注意,不同语言有各自独特的表达方式和文化背景,你需要合理地考虑这些因素进行翻译。",用韩文翻译下沁园春雪," 《长恨歌》是唐代诗人白居易所作，全诗通过女主人公杨贵妃的一生经历，展现了唐玄宗和杨贵妃之间的爱情故事以及其悲剧结局。这首诗被誉为中国古典诗歌史上的经典之作，具有极高的艺术价值和历史价值。

《长恨歌》的创作背景与唐朝的历史密切相关。当时，唐玄宗为了追求美色而宠幸杨贵妃，导致朝廷政治腐败、社会动荡不安。最终，安禄山发动叛乱，唐玄宗被迫逃离长安，并在途中杀死了自己的爱妃杨贵妃。这场悲剧不仅给唐朝带来了巨大的灾难，也成为了中国历史上著名的爱情悲剧之一。

《长恨歌》以细腻的笔触、优美的语言、深刻的思想，描绘了唐玄宗和杨贵妃之间的爱情故事，揭示了宫廷政治的黑暗面和人性的复杂性。全诗分为三个部分，分别是“前世今生”、“离宫别院”和“死别生离”。每个部分都有不同的情感和氛围，但整体上呈现出悲壮、凄美的氛围。

《长恨歌》的艺术特点包括丰富的象征手法、巧妙的叙事结构、精湛的描写技巧等。它不仅是一首优美动人的爱情诗，更是一部反映唐朝历史和社会风貌的史诗巨著。",1.0,-1.0
wangan,14.0,4.0,语法检查,"你的任务是检查并修正用户提供的文本中的语病问题。语病可能包括词语重复、语句冗余、主题不明确等。你需要清晰地表达出原本的意思,同时确保语句的流畅性和逻辑性。
 你的任务是检查并修正用户提供的文本中的句式结构错误。这可能包括主谓宾的错误配列、修饰语的误用等。你需要确保句子的结构正确,意义明确。
 你的任务是检查用户提供的文本的语法错误,并提供修正建议。在检查过程中,你需要关注诸如拼写、标点、单复数、动词时态、主谓一致等语法规则。当你发现错误时,提供清晰且准确的修正建议,同时确保修改后的文本保持原有的意思和语境。",检查一下这句话是否有语法问题：我北京去了现在, 这句话存在语法问题，应该将其改为“我去北京了，现在还在那里”或者“我已经到了北京，现在就在那里”。,5.0,-1.0
wangan,14.0,4.0,语法检查,"你的任务是检查并修正用户提供的文本中的语病问题。语病可能包括词语重复、语句冗余、主题不明确等。你需要清晰地表达出原本的意思,同时确保语句的流畅性和逻辑性。
 你的任务是检查并修正用户提供的文本中的句式结构错误。这可能包括主谓宾的错误配列、修饰语的误用等。你需要确保句子的结构正确,意义明确。
 你的任务是检查用户提供的文本的语法错误,并提供修正建议。在检查过程中,你需要关注诸如拼写、标点、单复数、动词时态、主谓一致等语法规则。当你发现错误时,提供清晰且准确的修正建议,同时确保修改后的文本保持原有的意思和语境。",检查一下这句话有没有语法问题：随着计算机技术的发展，检测论文语法错误成为了可能," 这句话的语法基本上是正确的，但是存在一些小问题：

1. “随着”应该改为“随着……的发展”或者“随着……的进步”，因为它通常与名词短语搭配使用；
2. “成为了可能”应该改为“变得可能”或者“已经成为可能”，因为“成为了可能”这种说法不是很自然。

因此，修改后的句子如下：

随着计算机技术的发展，检测论文语法错误的能力已经变得可能。",3.0,-1.0
wangan,14.0,4.0,语法检查,"你的任务是检查并修正用户提供的文本中的语病问题。语病可能包括词语重复、语句冗余、主题不明确等。你需要清晰地表达出原本的意思,同时确保语句的流畅性和逻辑性。
 你的任务是检查并修正用户提供的文本中的句式结构错误。这可能包括主谓宾的错误配列、修饰语的误用等。你需要确保句子的结构正确,意义明确。
 你的任务是检查用户提供的文本的语法错误,并提供修正建议。在检查过程中,你需要关注诸如拼写、标点、单复数、动词时态、主谓一致等语法规则。当你发现错误时,提供清晰且准确的修正建议,同时确保修改后的文本保持原有的意思和语境。",检查一下朱自清背影里有没有语法错误, 朱自清的背影，这篇散文写得很有感情，但是其中也存在一些语法错误，比如“我说道”这句话就是错误的，应该为“我说”，因为“说道”是口语化的表达方式，而在书面语中应该使用更加规范的表达方式。另外，还有一些标点符号使用不规范的情况，例如省略号使用不当等。总体来说，这篇散文在语言表达上还是比较优美的，但是在细节处理上还有待提高。,5.0,-1.0
